HA mid,Dec,VIS band,PSF,Guide,VIS Centre,NIR Centre,VIS Min,VIS Max,VIS Throughput,NIR Min,NIR Max,NIR Throughput,Metric
0,-80,B,moffat,0.6,0.42,1.05,0.6896398307118691,0.9747450947350202,0.8782068490484066,0.7307537658915048,0.9842792503744026,0.8795507341997277,
1,-80,B,moffat,0.6,0.42,1.05,0.685044534903198,0.9743158771593124,0.8761441420720488,0.7260157304365275,0.983981465273336,0.8776170172634862,
2,-80,B,moffat,0.6,0.42,1.05,0.6714725727938253,0.9730093113803872,0.8699804539325952,0.7129105454582839,0.9831239234115884,0.8714115906905542,
3,-80,B,moffat,0.6,0.42,1.05,0.6495616805340294,0.970775752242232,0.8598049650937309,0.6919016593378149,0.9816745393277334,0.8610071743697921,
4,-80,B,moffat,0.6,0.42,1.05,0.6203718121859484,0.9675601603782902,0.8458122282891332,0.663879352960661,0.9795965679012716,0.8465804126731116,
0,-75,B,moffat,0.6,0.42,1.05,0.746389233088268,0.9779071111542208,0.9018627600327952,0.7837309857676908,0.9863274878279634,0.9043208452106378,
1,-75,B,moffat,0.6,0.42,1.05,0.7399602986303401,0.9773264126333936,0.8991156897122253,0.7773476824181426,0.9859377623393276,0.9016931726261206,
2,-75,B,moffat,0.6,0.42,1.05,0.7208846974268834,0.9755131702110076,0.8908269404029782,0.7593327018093016,0.9847664315018688,0.8933193616682781,
3,-75,B,moffat,0.6,0.42,1.05,0.6898355650642413,0.9722492783859402,0.8768789547388659,0.7300626883095811,0.9826727506030202,0.8790396290412427,
4,-75,B,moffat,0.6,0.42,1.05,0.6480563149021256,0.967163198353434,0.8571510817150895,0.6903952697768334,0.9794147885853376,0.8587030523200431,
0,-70,B,moffat,0.6,0.42,1.05,0.7956478729135193,0.9803503731225311,0.9213783358677874,0.8293267019518967,0.9879091014598452,0.9245529708623982,
1,-70,B,moffat,0.6,0.42,1.05,0.7876459872585087,0.9796564437564822,0.9180992891220676,0.8215773642144344,0.9874519867806052,0.9214060789105276,
2,-70,B,moffat,0.6,0.42,1.05,0.7637751782250106,0.9774377166136458,0.9081097943737384,0.7994124283953468,0.9860326084348628,0.91135111259595,
3,-70,B,moffat,0.6,0.42,1.05,0.7245612878778855,0.9732441197439206,0.8909776355737518,0.7629454151048469,0.9833619532182136,0.8938669676969484,
4,-70,B,moffat,0.61,0.42,1.05,0.6701176143089361,0.9641789971015674,0.8644455592705782,0.7133808242013423,0.980837791301064,0.8701151469912448,
0,-65,B,moffat,0.59,0.42,1.05,0.8390262698270377,0.9833615174067598,0.938486814154172,0.8675749918905078,0.9880062794849996,0.9397240812583272,
1,-65,B,moffat,0.6,0.42,1.05,0.8285512238017699,0.9814825701099646,0.9337586908568736,0.8593155048388835,0.9886387708330048,0.937464206612815,
2,-65,B,moffat,0.6,0.42,1.05,0.8005278921506848,0.9789339503763186,0.9223916500588906,0.833655840187698,0.9870200188521914,0.9261032999677506,
3,-65,B,moffat,0.6,0.42,1.05,0.7540148937186784,0.9738940625164888,0.9025254829003244,0.7909020073905679,0.9838274853971564,0.9059334404002948,
4,-65,B,moffat,0.61,0.42,1.05,0.6889517317235045,0.9626836453996296,0.8711406375341445,0.7317607483655679,0.9800875427937116,0.877430794155781,
0,-60,B,moffat,0.59,0.42,1.05,0.8747050701845018,0.9848698259473356,0.9515842554358652,0.9003303079426266,0.9891033810904648,0.9530850388739516,
1,-60,B,moffat,0.59,0.42,1.05,0.8642635243927769,0.984063701553372,0.9475973769654124,0.8905232284894857,0.9884801763467486,0.9492119997673676,
2,-60,B,moffat,0.6,0.42,1.05,0.831526743026896,0.9801697116067812,0.934095928917225,0.8625106891665045,0.98778809265194,0.9380542065551478,
3,-60,B,moffat,0.6,0.42,1.05,0.778471129633705,0.9743165129049092,0.9118333503025888,0.8142383836595845,0.9841110772482112,0.9155849618338116,
4,-60,B,moffat,0.61,0.42,1.05,0.7035838999934905,0.9608714260403752,0.8758504236066429,0.7463350392884369,0.979109979756022,0.8826770353633593,
0,-55,B,moffat,0.6,0.42,1.05,0.9032865058611628,0.9851557111870952,0.9613106499592744,0.9280308597810938,0.990938680926146,0.964853064782546,
1,-55,B,moffat,0.59,0.42,1.05,0.8929745897707787,0.9852192711024776,0.957958387024166,0.9169195818020506,0.9893284099945286,0.959656564103952,
2,-55,B,moffat,0.6,0.42,1.05,0.8571484729237829,0.9811547201220332,0.9435513790317974,0.8863833522720497,0.9883776260364572,0.9475923950479505,
3,-55,B,moffat,0.6,0.42,1.05,0.7981897612495443,0.9745621752427146,0.9191337364468292,0.8332215611222624,0.9842323634209617,0.9230928524235756,
4,-55,B,moffat,0.61,0.42,1.05,0.7141718657136006,0.9587344974475682,0.8786995853907623,0.7572324487074759,0.9778994303660028,0.8859983972410811,
0,-50,B,moffat,0.59,0.42,1.06,0.9284886749868386,0.9870206363093856,0.9707001349038668,0.9475442169288746,0.9905333948790443,0.9727624436168806,
1,-50,B,moffat,0.62,0.42,1.05,0.9131574878761946,0.9834091641951336,0.9635847924006892,0.9397580242139976,0.9925789217212924,0.97087602848699,
2,-50,B,moffat,0.6,0.42,1.05,0.8777488490294225,0.9818812740709156,0.9510161457322842,0.9056399030398512,0.9888444191014282,0.9550318689537648,
3,-50,B,moffat,0.6,0.42,1.05,0.8134051054807869,0.97455009687309,0.924600330481406,0.8480808314615622,0.9842169137279012,0.9286671547500612,
4,-50,B,moffat,0.63,0.42,1.04,0.7186173372589333,0.9514586503492872,0.8761124880395339,0.7675721990487261,0.9811172895795724,0.8879598406800325,
0,-45,B,moffat,0.59,0.42,1.08,0.9475513991678544,0.9878306066785196,0.9773202844603264,0.9631721299563862,0.9908547965278116,0.979620304440579,
1,-45,B,moffat,0.61,0.42,1.06,0.932558949504435,0.9850772716441616,0.9709310366173374,0.9544373522847612,0.9920833303189496,0.976688391467052,
2,-45,B,moffat,0.61,0.42,1.05,0.8925213639062941,0.9813076602530062,0.9556791866461444,0.921088267193488,0.9901910701592512,0.9617937479366132,
3,-45,B,moffat,0.6,0.42,1.05,0.824317613981814,0.9742806070449735,0.928359085164878,0.8590057360009202,0.9840623630791824,0.9324645311048058,
4,-45,B,moffat,0.63,0.42,1.04,0.721515282316887,0.9479641919249416,0.8751972696279839,0.7696836257799773,0.9796928944587454,0.8880133972291723,
0,-40,B,moffat,0.6,0.42,1.12,0.9609509112575372,0.9878429920068202,0.9814943234744584,0.975723551847411,0.991776453903352,0.985353343892304,
1,-40,B,moffat,0.6,0.42,1.08,0.947347694252208,0.986587801321295,0.9765697245393846,0.964786449591398,0.991365811306522,0.9807237851806576,
2,-40,B,moffat,0.62,0.42,1.05,0.9028924258584274,0.9805750767382708,0.9587497921240964,0.9324202180046858,0.9912779516260756,0.9667689875644264,
3,-40,B,moffat,0.61,0.42,1.05,0.8298339744879403,0.972165118069244,0.9291138528090558,0.8666759833235427,0.9852655215423172,0.9362335211016612,
4,-40,B,moffat,0.63,0.42,1.04,0.7207683431140767,0.9437480752208192,0.872472244510489,0.7682051363984431,0.9780251418992468,0.8862820568968846,
0,-35,B,moffat,0.62,0.41,1.25,0.9731258951669268,0.9853159294602994,0.982338362063839,0.9847481527418274,0.9927600733585696,0.9897050437655132,
1,-35,B,moffat,0.6,0.42,1.11,0.9567960824334945,0.98713019058596,0.9798466497708144,0.972214852051568,0.991303663555825,0.9839362772138684,
2,-35,B,moffat,0.6,0.42,1.06,0.9123573174410256,0.982748924063428,0.9632380175097336,0.9361994419234096,0.9892363801834516,0.967687734397772,
3,-35,B,moffat,0.61,0.42,1.05,0.8325559216614441,0.971283764274372,0.929634486899214,0.8701218603744051,0.9848048471678512,0.936807079206289,
4,-35,B,moffat,0.62,0.42,1.04,0.7176045206758461,0.9415333257538736,0.8700485980018454,0.7613622883753044,0.9734966225967704,0.8805118958100263,
0,-30,B,moffat,0.63,0.41,1.32,0.9752682172052216,0.9887032794860182,0.9845507262954436,0.988232487274452,0.9951062721810014,0.991808025362846,
1,-30,B,moffat,0.62,0.41,1.13,0.9676233389954312,0.9834200436138836,0.97810622108814,0.9781555882696116,0.9927995596494836,0.9872408726136644,
2,-30,B,moffat,0.6,0.42,1.06,0.9155194149395324,0.9826847907966858,0.9642846701938228,0.9397591171919292,0.9891838751721812,0.9686056976430002,
3,-30,B,moffat,0.61,0.42,1.05,0.8313223621569718,0.9700571793276734,0.9285765107536263,0.8699358948549129,0.9841541967324812,0.9358080744836472,
4,-30,B,moffat,0.61,0.42,1.04,0.7110115080468307,0.9388670400441812,0.8660511059904379,0.7508194706946557,0.9677044496466548,0.872330400324446,
0,-25,B,moffat,0.63,0.44,1.03,0.9762665248140132,0.9923278301384012,0.9856439598391152,0.9885589029544088,0.9986010747943944,0.9923790055743236,
1,-25,B,moffat,0.61,0.41,1.16,0.9693949639190454,0.9844326858329684,0.9796504368547754,0.9782966188116856,0.9918601105711664,0.986882748311886,
2,-25,B,moffat,0.61,0.42,1.06,0.913509235693483,0.9813244394538968,0.9628749991266778,0.940007336653416,0.9900234852723953,0.9693640840867224,
3,-25,B,moffat,0.61,0.42,1.05,0.8261608735808699,0.9684317797226288,0.9259124177676707,0.8661234507351885,0.983283727105117,0.9332140561714676,
4,-25,B,moffat,0.61,0.42,1.04,0.6998818144492913,0.9319687772434738,0.857754859261325,0.7388501017956296,0.9639311340387876,0.8645865948766982,
0,-20,B,moffat,0.63,0.41,1.39,0.9752596414927144,0.9899089981629882,0.9849048820513951,0.988302176193798,0.9956145169783212,0.9919296902878526,
1,-20,B,moffat,0.62,0.41,1.13,0.9669494620532268,0.9833153342261538,0.977797634625268,0.9775736159619964,0.9927544828695944,0.9869316621958084,
2,-20,B,moffat,0.6,0.42,1.06,0.909805066468152,0.9818326709231426,0.9620635124172772,0.9355903761805946,0.9886455363726924,0.966355229335787,
3,-20,B,moffat,0.61,0.42,1.05,0.8170588396072379,0.9663331069740146,0.921576940511286,0.858643591991847,0.9821517374907672,0.9289597123481368,
4,-20,B,moffat,0.61,0.42,1.04,0.6854728964207081,0.9234563774050274,0.8471933342345386,0.7234902283359942,0.9592890397395124,0.8547040941856006,
0,-15,B,moffat,0.62,0.41,1.32,0.9731150371837562,0.9859687388238756,0.983050983699878,0.9854597212240817,0.9926371051002234,0.9898635692660528,
1,-15,B,moffat,0.6,0.42,1.11,0.9543874867689188,0.986935900032144,0.9791658757002696,0.9711684150389768,0.9911829538758344,0.983221824547965,
2,-15,B,moffat,0.6,0.42,1.06,0.9008504496346964,0.9809971725105664,0.958733931966488,0.9277904016713427,0.9881342665304308,0.9631114917474428,
3,-15,B,moffat,0.61,0.42,1.05,0.8039702520309453,0.9636584831760951,0.9154644892645916,0.8474042768933435,0.9807003623681658,0.9229358053846536,
4,-15,B,moffat,0.61,0.42,1.04,0.6679040550829483,0.912853022372382,0.8341004230125039,0.7047810889919093,0.9534255939350188,0.8425002547687989,
0,-10,B,moffat,0.63,0.41,1.12,0.9667776744410832,0.983482028077682,0.9778689533668464,0.979268137238081,0.993978198038411,0.9879857216016394,
1,-10,B,moffat,0.59,0.42,1.09,0.9447660639003508,0.987100011121897,0.9763854148952418,0.9616712060088672,0.99009529619334,0.9787236854140162,
2,-10,B,moffat,0.63,0.42,1.05,0.8841039771624908,0.97632418841481,0.9505067847324108,0.9204091377948816,0.9908385675022926,0.960986240948134,
3,-10,B,moffat,0.61,0.42,1.05,0.7868256727495433,0.9602657268660232,0.9074247863653624,0.8317725487112435,0.9788488909150872,0.9149871557649526,
4,-10,B,moffat,0.61,0.42,1.04,0.6473321690763247,0.899501575010501,0.8181205323774454,0.6828015055089304,0.9459175004545554,0.8277404758976119,
0,-5,B,moffat,0.6,0.42,1.09,0.9472027986896988,0.9872729123987471,0.977268313544475,0.9656466081696946,0.9917557276431468,0.9812099710375252,
1,-5,B,moffat,0.6,0.42,1.07,0.9285695625458784,0.9854321380567947,0.9703331178026414,0.9504183927261804,0.9907741392909016,0.9744478779725454,
2,-5,B,moffat,0.62,0.42,1.05,0.8675835549804108,0.975897522372257,0.9448259031545936,0.9047291249635576,0.9891425351249764,0.9533074524027642,
3,-5,B,moffat,0.61,0.42,1.05,0.765545702426437,0.9559555863287544,0.8972558785346099,0.8121117292090064,0.9764832256582748,0.9049094214752672,
4,-5,B,moffat,0.6,0.42,1.03,0.6247319350096143,0.8884901696023688,0.8026914840855158,0.6455800825618427,0.9313476195674556,0.8017971120152416,
0,0,B,moffat,0.59,0.42,1.07,0.9293728251108008,0.9872411992876076,0.971693011501696,0.9495665198912828,0.99056409893023,0.9737262181548514,
1,0,B,moffat,0.6,0.42,1.06,0.9087652723583852,0.9844081498703736,0.9634387570641992,0.9342073656371064,0.9903021902406196,0.9673321181931462,
2,0,B,moffat,0.61,0.42,1.05,0.8464710333616255,0.975239751641094,0.9373685938909234,0.8847134819000689,0.9869574875275876,0.943407132155246,
3,0,B,moffat,0.62,0.42,1.05,0.7388151535928943,0.9477672394756024,0.882626294659459,0.7902209992073699,0.9759200487078556,0.8947772312638743,
4,0,B,moffat,0.6,0.42,1.03,0.5986871015418561,0.8674192521932371,0.7797920854936752,0.6176099074328191,0.9175342156127424,0.7804262740768017,
0,5,B,moffat,0.59,0.42,1.06,0.9054082608033334,0.9863269132184048,0.963474435949794,0.9294738744426292,0.9900028075572176,0.9651898062633631,
1,5,B,moffat,0.62,0.42,1.05,0.8815879178933217,0.9811934917975788,0.9527061945475592,0.915653563211066,0.9915668414493416,0.9598568342526173,
2,5,B,moffat,0.6,0.42,1.05,0.8204856085069469,0.974299735363292,0.9279443928007518,0.8600580312531795,0.9841077450371988,0.9309152793363008,
3,5,B,moffat,0.61,0.42,1.05,0.7103212338133539,0.9433148768777706,0.8693904051562447,0.7596466223369407,0.9694717735879212,0.8772699622879303,
4,5,B,moffat,0.59,0.42,1.02,0.5708123356591679,0.8480680855855786,0.757159715510579,0.5754772429562068,0.8917294670259349,0.7454504003914676,
0,10,B,moffat,0.61,0.42,1.05,0.873559371932155,0.983255562785282,0.9512909367529728,0.9070391318573874,0.9912578505272984,0.956012806550632,
1,10,B,moffat,0.61,0.42,1.05,0.85226892821282,0.9805741999578664,0.9426037444350692,0.8884760375440596,0.9898029167607912,0.9476981241583472,
2,10,B,moffat,0.6,0.42,1.05,0.7879735656696031,0.9712660152091313,0.9148111100222388,0.8309540741630166,0.9821845964657436,0.917318736595645,
3,10,B,moffat,0.62,0.42,1.04,0.6752676959235405,0.9304581291796982,0.8483979663040645,0.7183957474503904,0.9682726804151042,0.8579366856754542,
4,10,B,moffat,0.65,0.43,1.02,0.4350296155417034,0.7876180844019299,0.6953145001545257,0.5419358066286654,0.9215059470130916,0.7438205891439069,
0,15,B,moffat,0.6,0.42,1.05,0.8390740217948462,0.9826877079761106,0.9394225314974434,0.8751713937306598,0.9893777271582384,0.9417714825420644,
1,15,B,moffat,0.6,0.42,1.05,0.8170929048346558,0.979725933514039,0.9301424860156312,0.855820231289618,0.9875027322629444,0.932486704712236,
2,15,B,moffat,0.6,0.42,1.05,0.7499311935955519,0.9673122038803076,0.8988463898923097,0.7965989708765212,0.9796717694070776,0.9006617498982529,
3,15,B,moffat,0.62,0.42,1.04,0.6373171740104477,0.9172846287309044,0.8257939270251999,0.6791215799734455,0.9619008961293556,0.835876847946818,
4,15,B,moffat,0.63,0.43,1.01,0.4040008676322023,0.7532169488623619,0.6628484932353889,0.4950749242510282,0.8793544853974375,0.6971472611753616,
0,20,B,moffat,0.6,0.42,1.05,0.7968386103995154,0.9807546795219392,0.9237966422356227,0.8377499463967563,0.9881576099906848,0.9254473300353916,
1,20,B,moffat,0.6,0.42,1.05,0.7742757391513537,0.9772148752773588,0.9137066353186898,0.8176932402914413,0.9859151972828856,0.9152401009008144,
2,20,B,moffat,0.61,0.42,1.05,0.7048580226736714,0.9598353557107936,0.8777888868095312,0.7570120950609598,0.978531035464184,0.8825522044965298,
3,20,B,moffat,0.61,0.42,1.04,0.5962869903219803,0.9039942910281388,0.8015513973045197,0.6335179304612224,0.9481868236775431,0.8063197222499657,
4,20,B,moffat,0.63,0.43,1.0,0.3789152209266226,0.6856239415376646,0.6099995779042084,0.4475302258517703,0.8404995142966891,0.6520573155870735,
0,-80,G,moffat,0.68,0.51,1.05,0.6103592367336992,0.9911263167032544,0.8613458347244431,0.7343815497396745,0.992903040119103,0.8885927826849956,
1,-80,G,moffat,0.68,0.51,1.05,0.6048605561868884,0.9909695769113152,0.8589647889305427,0.7296571265042553,0.9927755308357952,0.8867712044467976,
2,-80,G,moffat,0.69,0.51,1.05,0.5881894746836526,0.9897940012902156,0.8512979551247665,0.7168383129801795,0.9931300890203768,0.8816646653320348,
3,-80,G,moffat,0.69,0.51,1.05,0.5623435930939347,0.988914045625152,0.8396014412663249,0.6958752517499662,0.992537791401664,0.8718279263613238,
4,-80,G,moffat,0.69,0.51,1.05,0.5285051050708908,0.9876397375100608,0.823661097236713,0.6678921802514435,0.9916828658343136,0.8581579345454927,
0,-75,G,moffat,0.71,0.51,1.04,0.6785846216088774,0.990610095703995,0.8883825776306432,0.7958378921704746,0.9956253802643308,0.9108690469998336,
1,-75,G,moffat,0.71,0.51,1.04,0.6706393543163237,0.9903548150104784,0.8851663333248123,0.7896667217758244,0.9955050440546142,0.9083593375596428,
2,-75,G,moffat,0.73,0.51,1.04,0.6462753943548913,0.9883547177345006,0.8744965375014033,0.7725292153711323,0.9960708911070378,0.9013611062282018,
3,-75,G,moffat,0.69,0.51,1.05,0.6104963002370444,0.9895166633426146,0.8604758022822744,0.7337738300186706,0.992935395369787,0.889501283448675,
4,-75,G,moffat,0.7,0.51,1.05,0.5604749872501413,0.9866693066367072,0.8374800111313928,0.6943192247408887,0.9924088222054938,0.8712172168092545,
0,-70,G,moffat,0.68,0.51,1.04,0.7426886098621921,0.9931841282177324,0.913633109836504,0.8390862690353322,0.9947253566781528,0.9293345844383752,
1,-70,G,moffat,0.68,0.51,1.04,0.7325402851265869,0.9929351782026788,0.9098115845372666,0.8316206385997515,0.9945129618181276,0.9262955604625632,
2,-70,G,moffat,0.69,0.51,1.04,0.7019470964560158,0.9915583977910922,0.8977376169953359,0.8104748489283298,0.9944877145885832,0.9172209932218328,
3,-70,G,moffat,0.72,0.51,1.04,0.6519319489752502,0.9879141051004864,0.8764360981327157,0.7757102807926886,0.9952085764722736,0.9022975355839308,
4,-70,G,moffat,0.7,0.51,1.05,0.5884190452276697,0.9862874888057586,0.8493266186174611,0.7164174607417317,0.9921859351511428,0.8810923701933281,
0,-65,G,moffat,0.68,0.51,1.04,0.7977378820931692,0.9938879289840148,0.9334146439831172,0.8763279351968717,0.9952796878374638,0.945816599537999,
1,-65,G,moffat,0.68,0.51,1.04,0.7856812498404424,0.9936073467740012,0.9291018266136442,0.867807690876914,0.9950464483110772,0.9424182584185136,
2,-65,G,moffat,0.68,0.51,1.04,0.7497490227441795,0.9926896907072424,0.9159161611955576,0.8431622013219295,0.9943245200183732,0.931457265278911,
3,-65,G,moffat,0.7,0.51,1.04,0.6901142670380072,0.9895467804865092,0.8921393687855484,0.8023133386872872,0.9942351225505034,0.9134780448985652,
4,-65,G,moffat,0.74,0.51,1.04,0.6102775224712058,0.9823058382105662,0.8562961066451933,0.7447313766438666,0.9948733932776958,0.8873741348928471,
0,-60,G,moffat,0.68,0.51,1.04,0.8451591838561977,0.9944683481201152,0.9497027286333228,0.907600077788712,0.9957152263484924,0.9591069645065756,
1,-60,G,moffat,0.68,0.51,1.04,0.8314808263261784,0.9941660962547504,0.9450072772692728,0.8982201858198268,0.9954659891147764,0.9554465708586908,
2,-60,G,moffat,0.68,0.51,1.04,0.7904500079439876,0.9931562152551878,0.9305270233718432,0.8708192033732404,0.9946731969474366,0.9435489012977644,
3,-60,G,moffat,0.69,0.51,1.04,0.7222480450324762,0.9904115541722016,0.9046466340792364,0.8245680297783935,0.993724168095122,0.9227871112299812,
4,-60,G,moffat,0.72,0.51,1.04,0.6296990203124514,0.9832446110615,0.8647176462592293,0.7585058773557396,0.9933034372154652,0.8922293159831768,
0,-55,G,moffat,0.68,0.51,1.04,0.8851092552136807,0.994923337281608,0.9629489631043024,0.9334707506747856,0.996057560512432,0.9697096783075396,
1,-55,G,moffat,0.68,0.51,1.04,0.8700693105029186,0.994603207014461,0.9579511961292267,0.9233861463559752,0.9957951513013392,0.9658541912057884,
2,-55,G,moffat,0.68,0.51,1.04,0.8246308034573236,0.9935134374583764,0.942403627495794,0.8936564171817374,0.9949400850979754,0.9532125675220192,
3,-55,G,moffat,0.7,0.51,1.04,0.7477797034449536,0.9898778576457984,0.9136892617917294,0.8429301113334828,0.9943955951768332,0.9313358431284976,
4,-55,G,moffat,0.72,0.51,1.04,0.6437107636935954,0.9823051935125212,0.8697949734335122,0.7688910498031089,0.9929294573264664,0.8964779749471936,
0,-50,G,moffat,0.67,0.51,1.05,0.9184324932609288,0.9956307938361092,0.9738729299788348,0.9522591479783248,0.9958317126225918,0.9782432180961816,
1,-50,G,moffat,0.7,0.51,1.04,0.9007107482880398,0.9941962787438176,0.967591667484116,0.94405460742904,0.9967945999317668,0.9749504022799048,
2,-50,G,moffat,0.68,0.51,1.04,0.8524661728034159,0.9937768681812792,0.9518340833904164,0.9120469717958078,0.9951370263153464,0.9607659234838102,
3,-50,G,moffat,0.7,0.51,1.04,0.7682407273062828,0.9898804557236502,0.921027105923756,0.8571555315331795,0.9943952111777375,0.9372680386027034,
4,-50,G,moffat,0.72,0.51,1.04,0.6530612188880511,0.981150484655764,0.8728378357161337,0.7758082117137862,0.99247231104318,0.8989553610480596,
0,-45,G,moffat,0.71,0.5,1.05,0.9495555596260112,0.9936945368021288,0.978833909675391,0.9700622022680068,0.997416969405881,0.9860512264389066,
1,-45,G,moffat,0.67,0.51,1.05,0.9273509787887207,0.9955650752233274,0.9766678100814372,0.9578917544728628,0.9957420814764596,0.9803752140601016,
2,-45,G,moffat,0.69,0.51,1.04,0.8736446577128069,0.9935107641058244,0.9586525740449529,0.926460367526269,0.9957374313522126,0.9670292453351966,
3,-45,G,moffat,0.7,0.51,1.04,0.7832360530761748,0.9897767269945492,0.9262844574462384,0.8675940210464739,0.9943370211314804,0.9414364103090151,
4,-45,G,moffat,0.73,0.51,1.04,0.6574814259084284,0.9786604820889098,0.8731598753614477,0.7793601619691506,0.9927302719197638,0.9005531339128358,
0,-40,G,moffat,0.68,0.5,1.08,0.9702011094993236,0.9950910567491672,0.9868306244759174,0.980643212046652,0.9964561288711352,0.9899699451336652,
1,-40,G,moffat,0.72,0.5,1.05,0.9519118920143288,0.9931371200809128,0.979120055300044,0.9710448313720318,0.997566156525751,0.9868597093889584,
2,-40,G,moffat,0.71,0.51,1.04,0.8884291700780228,0.9927570312811372,0.963072202071536,0.9370687187921474,0.996602529678706,0.972048209197908,
3,-40,G,moffat,0.7,0.51,1.04,0.7928653453676446,0.9895618785340006,0.929568751186832,0.8743915270017986,0.9942181382192002,0.9439574114340182,
4,-40,G,moffat,0.73,0.51,1.04,0.6576983932478087,0.976855955410486,0.8722049722100697,0.7794963290127124,0.9921192763570024,0.8996925278228566,
0,-35,G,moffat,0.7,0.49,1.15,0.982179288700987,0.994092294210459,0.990083046457056,0.989067165310313,0.9969175881364524,0.9938444150573916,
1,-35,G,moffat,0.69,0.5,1.07,0.965756605494194,0.9944438562571905,0.9847725317194732,0.9777737533811685,0.9966225082507936,0.9891537358934572,
2,-35,G,moffat,0.68,0.51,1.05,0.9002061161982243,0.994106003783772,0.9675612058499496,0.9409904604483136,0.995248627696618,0.9738446531933213,
3,-35,G,moffat,0.7,0.51,1.04,0.7972148419521454,0.9892262271138288,0.9309481782118708,0.8776467126325174,0.9940330544710648,0.9449032591865528,
4,-35,G,moffat,0.74,0.51,1.04,0.6532045172674371,0.9733924347773828,0.8684410920139285,0.776257274762397,0.9922548283926071,0.8980280401243781,
0,-30,G,moffat,0.72,0.49,1.33,0.9855131934789784,0.9952414050897728,0.99322443782538,0.9935899905891048,0.9975607184947264,0.9958311545596168,
1,-30,G,moffat,0.69,0.5,1.09,0.9713166764354886,0.9946355219273753,0.9874631756623896,0.9819955158943776,0.996547690193261,0.9909611556459902,
2,-30,G,moffat,0.68,0.51,1.05,0.9048683666496092,0.9940867600414024,0.9690741972139122,0.9443601101859868,0.9952264077231454,0.974876771632423,
3,-30,G,moffat,0.7,0.51,1.04,0.7963454526354982,0.9887546057668956,0.930452063119852,0.8774091469345277,0.9937732962605876,0.9443033531311568,
4,-30,G,moffat,0.75,0.51,1.04,0.6444470749431324,0.9691916832667592,0.8625358874591799,0.7694523163103293,0.9923181418977188,0.8947003606476381,
0,-25,G,moffat,0.72,0.52,1.1,0.9869575828865984,0.9986750235003654,0.994588190954499,0.9938753889708932,0.9998708634650066,0.9963762254354744,
1,-25,G,moffat,0.69,0.5,1.1,0.9728051235488258,0.9947015500128302,0.9882428272005812,0.9832011297697368,0.9965007566055086,0.9914398886704424,
2,-25,G,moffat,0.68,0.51,1.05,0.904097044903941,0.9939828671993204,0.9688316732084412,0.944127666111532,0.9951412141120872,0.9745720141026504,
3,-25,G,moffat,0.71,0.51,1.04,0.7897623213199,0.9873791847746008,0.927487186991841,0.8737522006655731,0.9940836181377108,0.9429089467999135,
4,-25,G,moffat,0.75,0.51,1.04,0.6317336254032103,0.9655681183237816,0.8552975912158454,0.7577118152731762,0.9913970449103416,0.8887648779564267,
0,-20,G,moffat,0.72,0.49,1.38,0.9856479613037676,0.995907107401891,0.993615518512911,0.9936529192222046,0.9978078557021788,0.9959476711581466,
1,-20,G,moffat,0.69,0.5,1.09,0.9702614963786392,0.9945998906033962,0.9871365016735114,0.9814226218729258,0.996525444047031,0.9906756294258382,
2,-20,G,moffat,0.68,0.51,1.05,0.8978925960533317,0.9937892289609664,0.9668278407861196,0.940290341704076,0.9949888636070028,0.9729207069570386,
3,-20,G,moffat,0.71,0.51,1.04,0.7785255373433418,0.9865100596801322,0.9231445586946392,0.8664705973462848,0.9936784998553616,0.9391805918616412,
4,-20,G,moffat,0.76,0.51,1.04,0.6148945213062194,0.9594009466253476,0.8448080933214728,0.7430349042913785,0.9912680737049604,0.8818889624199685,
0,-15,G,moffat,0.7,0.49,1.18,0.9824686742256552,0.9943615773353612,0.9908666217016816,0.989909193596695,0.9968896526833352,0.994086645334768,
1,-15,G,moffat,0.7,0.5,1.07,0.963096301286498,0.9940141963304407,0.9837891915637166,0.9767899234834956,0.9968965085085276,0.9889466104676846,
2,-15,G,moffat,0.69,0.51,1.05,0.8855917337991246,0.9930206201038384,0.9625836338553436,0.9328875096488858,0.9952670663981108,0.9704928234576582,
3,-15,G,moffat,0.71,0.51,1.04,0.7620953504810989,0.9853953957699711,0.9167745439577116,0.8555481168955582,0.9931584407349244,0.9337491506909964,
4,-15,G,moffat,0.77,0.51,1.04,0.5943906051507607,0.9516057278102548,0.8317353146392674,0.7244452192864832,0.9910237485760036,0.8730588797307628,
0,-10,G,moffat,0.69,0.5,1.09,0.9705576005984484,0.9949023056694376,0.9873987414729029,0.9821224800254672,0.9968006008297776,0.9908150820889448,
1,-10,G,moffat,0.73,0.5,1.05,0.9494516141347896,0.992614588405232,0.9777747152816114,0.9695127904937448,0.9977527647761544,0.9862172778711212,
2,-10,G,moffat,0.72,0.51,1.04,0.8665301982004336,0.9911115788952042,0.9555276901330562,0.9250301326122924,0.996451987286431,0.9664698233675924,
3,-10,G,moffat,0.72,0.51,1.04,0.7399880670805958,0.9830410780980194,0.9075704276620228,0.840863123602996,0.9932506729505852,0.9273208487510516,
4,-10,G,moffat,0.78,0.51,1.04,0.5705469565569672,0.9416060904407692,0.8158233347362436,0.7017670749966342,0.9906378489366704,0.8621026312511475,
0,-5,G,moffat,0.74,0.5,1.05,0.9533173890437142,0.9928542550472744,0.9791741754482848,0.9725418843301584,0.9981636415372648,0.9874236045833836,
1,-5,G,moffat,0.72,0.5,1.05,0.9279036485654204,0.9925296431441112,0.970845490644176,0.9563472442676088,0.997356823745686,0.9811424966277728,
2,-5,G,moffat,0.71,0.51,1.04,0.8438420920079476,0.990955143481577,0.9480910697237008,0.9102239272438948,0.9957669620028048,0.9595923181250324,
3,-5,G,moffat,0.72,0.51,1.04,0.7131758699830056,0.981113897428958,0.8966685454737594,0.821009380037323,0.992483975148534,0.9180786037707304,
4,-5,G,moffat,0.74,0.51,1.04,0.5423949255065408,0.941056048075106,0.8031848608636118,0.6717503712113427,0.9824938944665816,0.8429089546828505,
0,0,G,moffat,0.72,0.5,1.05,0.9262550611496164,0.9930396436662796,0.9706887432878,0.9559359346015248,0.997562662140173,0.9809134986978164,
1,0,G,moffat,0.67,0.51,1.05,0.8954211160959548,0.9950653687100308,0.9668501828619146,0.9386204106454916,0.9952743258915948,0.9723371754911924,
2,0,G,moffat,0.71,0.51,1.04,0.8145607050504955,0.990159816470622,0.9379456963244348,0.8913234807483005,0.9953965919819372,0.9512998819079216,
3,0,G,moffat,0.73,0.51,1.04,0.6808555382077035,0.9774792075631455,0.882442337780066,0.7973719048837719,0.9923584917151668,0.9074895541996012,
4,0,G,moffat,0.67,0.51,1.03,0.5077905871110255,0.9526561770615706,0.7937446455266413,0.6236751306164179,0.9578287756404356,0.8055491903444233,
0,5,G,moffat,0.67,0.51,1.05,0.8885275289482573,0.9953846963965444,0.9648552980663652,0.9344748127560116,0.9955961434346384,0.9708954349294958,
1,5,G,moffat,0.71,0.51,1.04,0.8598892070664622,0.9929747751367984,0.9545309684860774,0.9206032307182936,0.9967209506433312,0.9647854725366372,
2,5,G,moffat,0.71,0.51,1.04,0.7790491014158537,0.989131577613694,0.9252698816272944,0.8679643150516062,0.9949180375159808,0.9408070627134149,
3,5,G,moffat,0.74,0.51,1.04,0.6436728957462415,0.972763692315528,0.8652734238562283,0.7686989373753176,0.992096159358958,0.8944349718207568,
4,5,G,moffat,0.71,0.51,1.03,0.4767681912882103,0.9239959946328392,0.7634403683640597,0.5910527065594887,0.965058836417233,0.7929399617277594,
0,10,G,moffat,0.71,0.51,1.04,0.8468005025567232,0.9933962905041576,0.9505527254356056,0.9126464162125904,0.9969306875274536,0.9614611820139352,
1,10,G,moffat,0.71,0.51,1.04,0.8196218707707216,0.992313084397479,0.9409844542084056,0.8948268809634621,0.996413356656211,0.9538211319473208,
2,10,G,moffat,0.72,0.51,1.04,0.7366744878781711,0.987088383102548,0.909208601561148,0.8397992980989425,0.994871259135419,0.928456080944504,
3,10,G,moffat,0.75,0.51,1.04,0.6019294763760251,0.9665024759564708,0.8447936590150067,0.7345713607771719,0.9916608307561424,0.8785791084992193,
4,10,G,moffat,0.71,0.51,1.03,0.4415864658343792,0.9033444324948766,0.7353015129819572,0.5531274183750253,0.9550892290695556,0.7674882069522124,
0,15,G,moffat,0.71,0.51,1.04,0.7998157421066403,0.9927373547758191,0.9346325586084324,0.8824075775404945,0.9966252891217277,0.9484928938559908,
1,15,G,moffat,0.72,0.51,1.04,0.771558085835683,0.9909677207453516,0.923964797517521,0.8638065535059648,0.9964194645256768,0.9406487586518014,
2,15,G,moffat,0.74,0.51,1.04,0.6875839693667578,0.9836619869712924,0.8892825795545595,0.8063295096920132,0.9952716918657156,0.9138572551623833,
3,15,G,moffat,0.76,0.51,1.04,0.5560843405108927,0.9579548700547964,0.8205338955924188,0.6945793255847297,0.9909906477092614,0.8595034890782506,
4,15,G,moffat,0.8,0.52,1.03,0.3486624910642017,0.8406577011320183,0.6935938280374404,0.5055414102135829,0.977721298724356,0.7540182463790664,
0,20,G,moffat,0.67,0.51,1.05,0.7476139554928655,0.993830551627276,0.9169783905327308,0.8396055185888571,0.9941278686120862,0.9325376358904008,
1,20,G,moffat,0.68,0.51,1.05,0.7190833112416847,0.9920811043316032,0.9057469807747632,0.8196466501317579,0.9936771240708444,0.9241334899868252,
2,20,G,moffat,0.71,0.51,1.05,0.6346955342886355,0.9836973356466244,0.8686974479671207,0.7582335887681679,0.9921185939966708,0.896248392044611,
3,20,G,moffat,0.77,0.51,1.04,0.506794782500622,0.9459117429765594,0.7918672236528786,0.6483449940297425,0.9899765693309084,0.8366716707766245,
4,20,G,moffat,0.83,0.52,1.03,0.3237128069420976,0.7710333801318642,0.6426965782270401,0.4534736080475661,0.9782847504364556,0.7239417940441373,
0,-80,R,moffat,0.81,0.67,1.04,0.8181124378544176,0.998357667910595,0.9472864960298562,0.7456140065145979,0.9983969950454604,0.8901155686833664,
1,-80,R,moffat,0.82,0.67,1.04,0.8145719397026419,0.9981488383630523,0.9460718280506232,0.7410308218298796,0.998563023615333,0.8885449799919106,
2,-80,R,moffat,0.85,0.67,1.04,0.8039796476848619,0.9974713476637348,0.9423777471818604,0.7283332080970164,0.9989909364555388,0.8833070493930564,
3,-80,R,moffat,0.86,0.67,1.04,0.7873664818356042,0.997033966051942,0.936853505673598,0.7079328580844271,0.9990505071114908,0.87366006670201,
4,-80,R,moffat,0.81,0.67,1.05,0.7660593675819724,0.9978468387830872,0.9304007246104282,0.6692374890680858,0.9977822828770196,0.8643487969351353,
0,-75,R,moffat,0.81,0.67,1.04,0.8575498510549485,0.998584441497144,0.9594450624088272,0.7965323437398656,0.9986058265763088,0.9143962797928468,
1,-75,R,moffat,0.81,0.67,1.04,0.8531861977978511,0.9985444720672488,0.958117984293776,0.7903668521315682,0.9985670104369178,0.911960177755604,
2,-75,R,moffat,0.81,0.67,1.04,0.8400230152850899,0.9984190770065646,0.954079525204446,0.7729732607810459,0.9984470471175608,0.9041306626807022,
3,-75,R,moffat,0.81,0.67,1.04,0.8179155890732966,0.9981911829912858,0.9471701004193408,0.7446307002174586,0.9982304680879096,0.8907456846831563,
4,-75,R,moffat,0.85,0.67,1.04,0.7858114007577457,0.996891738503244,0.9363266373296916,0.7060224556751565,0.998762211412344,0.8726556787315296,
0,-70,R,moffat,0.8,0.67,1.04,0.8901446465989997,0.9988883009203284,0.969215351029544,0.8401875856206783,0.9986030157911696,0.9340034167890569,
1,-70,R,moffat,0.8,0.67,1.04,0.8850082599647854,0.99884624632606,0.9677039749476852,0.8327322957840861,0.9985514972474832,0.93110242497961,
2,-70,R,moffat,0.81,0.67,1.04,0.8691522441370507,0.998559309527499,0.9629131347325672,0.8114119149933254,0.9985757564058052,0.92201202747029,
3,-70,R,moffat,0.81,0.67,1.04,0.8423914169093079,0.9982701370790762,0.9547633581413528,0.7761911134830513,0.9982993973244976,0.9058162015490588,
4,-70,R,moffat,0.82,0.67,1.04,0.8034973978758996,0.9975360107620684,0.9423637156985134,0.7273846237891922,0.9980886707587572,0.8824084042239284,
0,-65,R,moffat,0.84,0.66,1.04,0.93036609826664,0.9982875569121572,0.975112382412703,0.8772585419088019,0.9992531329357274,0.9508031188493216,
1,-65,R,moffat,0.84,0.66,1.04,0.9255878817619542,0.9982067350643834,0.9733575758737496,0.8687458478893569,0.9992190999735614,0.9475988340769456,
2,-65,R,moffat,0.81,0.67,1.04,0.8931488396270539,0.9986678117120784,0.9700101941851832,0.8441649791474375,0.9986759033138328,0.9366604107077416,
3,-65,R,moffat,0.81,0.67,1.04,0.8625624043799114,0.998323863152899,0.960888573876552,0.8029661701680384,0.9983454978852688,0.9181882715343272,
4,-65,R,moffat,0.81,0.67,1.04,0.817303367170484,0.99768587416528,0.9468223801631324,0.744901601482687,0.9977379199038716,0.8904293294151253,
0,-60,R,moffat,0.89,0.66,1.03,0.9473223690532728,0.9978725201102046,0.9810667670905584,0.9122925242609062,0.9997145996481084,0.9626238358530252,
1,-60,R,moffat,0.91,0.66,1.03,0.9418337703545456,0.9975117492210884,0.9789666094865292,0.9031956825724224,0.999793863005263,0.9592300371108488,
2,-60,R,moffat,0.84,0.66,1.04,0.927127216814246,0.9980791955417696,0.9739484584746916,0.8716398247234268,0.9991599216302192,0.9491004248499932,
3,-60,R,moffat,0.81,0.67,1.04,0.8789324057097532,0.9983641851944977,0.965775897585396,0.8252701273892349,0.9983730438995227,0.9281890655728348,
4,-60,R,moffat,0.81,0.67,1.04,0.8276986901341966,0.9975812321884768,0.9500376860897808,0.7587276211166966,0.9976208766204376,0.8967808888798543,
0,-55,R,moffat,0.86,0.66,1.03,0.9620883278580686,0.9983724813739075,0.986538232186936,0.9370640417319764,0.9995674327281402,0.9730960769725806,
1,-55,R,moffat,0.87,0.66,1.03,0.9565265960300088,0.99815316846605,0.9845053876945914,0.9273584352350074,0.9996078157497476,0.969449603542514,
2,-55,R,moffat,0.84,0.66,1.04,0.9401530917843604,0.9981844641879112,0.9787385418894764,0.8943557600943939,0.9991999939088172,0.9585858049721416,
3,-55,R,moffat,0.81,0.67,1.04,0.8919080250675625,0.9983877222802332,0.9695988971439312,0.8433736214844698,0.998384005742295,0.9360844817362513,
4,-55,R,moffat,0.81,0.67,1.04,0.835153267711512,0.997450317474856,0.9523116718868349,0.7689896017154467,0.9974766672280568,0.9013060248396648,
0,-50,R,moffat,0.86,0.66,1.03,0.973345383429883,0.998492801823723,0.9905567788786273,0.9570396473886312,0.9995992152475583,0.9815547802765996,
1,-50,R,moffat,0.86,0.66,1.03,0.96774105589833,0.99837949338873,0.988576304276221,0.9468141795500208,0.9995675892784084,0.9776646042809156,
2,-50,R,moffat,0.89,0.66,1.03,0.9494013452343264,0.9976019181603424,0.9818630361450432,0.916260267573218,0.9996770400006054,0.9651286562131958,
3,-50,R,moffat,0.84,0.66,1.04,0.9176367986622064,0.997509858931158,0.970497614712905,0.8573925699475331,0.9989075106612492,0.942800343828506,
4,-50,R,moffat,0.81,0.67,1.04,0.839818732718287,0.9972865532887067,0.9537084086718784,0.7757814765370984,0.9973017327585868,0.9041020741913256,
0,-45,R,moffat,0.8,0.66,1.04,0.9829533194802592,0.9991492101638,0.9941509182564598,0.9716243893259312,0.9990972335244148,0.9877774039897844,
1,-45,R,moffat,0.86,0.66,1.03,0.976235723874443,0.998474819264506,0.9916030080578484,0.9620703977868552,0.9995877381642254,0.9840392126069604,
2,-45,R,moffat,0.88,0.66,1.03,0.9573324522728426,0.9978016543084596,0.9848021492517106,0.9298658900285068,0.999625850724327,0.9709009657474142,
3,-45,R,moffat,0.84,0.66,1.04,0.9234390404247822,0.9974874276959544,0.9726806801045218,0.8677237061895264,0.9988933668480138,0.9470932793347406,
4,-45,R,moffat,0.81,0.67,1.04,0.84179376412081,0.9970841614402882,0.9542663727013768,0.7791669579178317,0.9970902292813664,0.9052311970316164,
0,-40,R,moffat,0.8,0.66,1.05,0.9893685760182732,0.9992072914350274,0.996396935302882,0.9833560877568196,0.9991119876503736,0.992619860924148,
1,-40,R,moffat,0.8,0.66,1.04,0.9834667834213406,0.9991209863390538,0.9943580809399852,0.9724365315350236,0.9990501114146284,0.9883742362661364,
2,-40,R,moffat,0.87,0.66,1.03,0.963038721498315,0.9979753745320608,0.9869208925316096,0.9397810531235417,0.9995652738976484,0.9749808950158974,
3,-40,R,moffat,0.84,0.66,1.04,0.9270332968212676,0.9974363176816128,0.9740414132816374,0.8744171305926236,0.9988676234874588,0.9497820982437885,
4,-40,R,moffat,0.81,0.67,1.04,0.8411267026519024,0.9968347865670996,0.9540005941298328,0.7791792213081876,0.9968338683122449,0.9047217877231571,
0,-35,R,moffat,0.83,0.65,1.07,0.9941101286030738,0.9988915745421084,0.9975394729710756,0.9917795954557757,0.9993805597825542,0.9962347420540458,
1,-35,R,moffat,0.83,0.66,1.04,0.9872186113886324,0.9988885911071383,0.9955931431539158,0.9806510368174534,0.999370891133542,0.9918553772284088,
2,-35,R,moffat,0.88,0.66,1.03,0.966321713315531,0.9978709245650372,0.9880721516664516,0.9460922871220556,0.9996327863442916,0.9777539757428232,
3,-35,R,moffat,0.84,0.66,1.04,0.928519852441222,0.9973540731882804,0.9746237196815298,0.8775693762853375,0.9988290982770816,0.950942959008954,
4,-35,R,moffat,0.81,0.67,1.04,0.8378171260804367,0.9965268790673804,0.9529034025128086,0.7758206453832716,0.9965288517772664,0.9025691677889378,
0,-30,R,moffat,0.85,0.65,1.21,0.9958856882180064,0.9990773549277104,0.9984247193554998,0.9965537337695942,0.9993491435081152,0.9982129283770704,
1,-30,R,moffat,0.82,0.66,1.05,0.989785407834792,0.9990160621829418,0.9965323575956506,0.9848148851726336,0.9992565963403016,0.9936400094015916,
2,-30,R,moffat,0.88,0.66,1.03,0.9678628640019696,0.9978615599604488,0.9886472777729586,0.9490950839004758,0.9996299208273955,0.978969816975692,
3,-30,R,moffat,0.84,0.66,1.04,0.9279422676472436,0.9972367752669568,0.9744461365464936,0.8772276415767118,0.9987760247331084,0.9506101929636228,
4,-30,R,moffat,0.82,0.67,1.04,0.8313720967818584,0.9957315503608726,0.9505995875875726,0.7689551803201098,0.9966133612885733,0.8992398264427452,
0,-25,R,moffat,0.88,0.68,1.2,0.9961788491148508,0.9997634336465532,0.9985649325370292,0.9977406546583154,0.9999942536709838,0.9989367374299352,
1,-25,R,moffat,0.84,0.65,1.05,0.9914641461502663,0.998664243452606,0.9963263997186692,0.9862061506338604,0.99942621183101,0.994352717170088,
2,-25,R,moffat,0.89,0.66,1.03,0.9673293855792144,0.9976961179705464,0.9884377769091558,0.9487328931280488,0.9996828301490682,0.9788996389476444,
3,-25,R,moffat,0.84,0.66,1.04,0.9252888571082698,0.997078695812424,0.9735026376216042,0.873388732686674,0.9987059024706942,0.9487769352283664,
4,-25,R,moffat,0.82,0.67,1.04,0.8225543011775194,0.9952012384842898,0.9476848145491014,0.7587208866597497,0.9962166927252756,0.8936988805736177,
0,-20,R,moffat,0.86,0.64,1.28,0.9959869073116108,0.9990278241923972,0.998393217948137,0.9969522306660435,0.9993777119265488,0.9983972074316064,
1,-20,R,moffat,0.82,0.66,1.05,0.9893658939351312,0.9990094681281436,0.9964204269565085,0.9842440250860336,0.9992514659546816,0.9933758896838036,
2,-20,R,moffat,0.89,0.66,1.03,0.9650953985317626,0.9976210495020376,0.9876683375347234,0.9451292958059138,0.9996727397660464,0.9773176709295904,
3,-20,R,moffat,0.84,0.66,1.04,0.9204925780001064,0.9968725821311488,0.9717622503445394,0.8659991750195812,0.998615254685516,0.9453950886425404,
4,-20,R,moffat,0.82,0.67,1.04,0.810804338666843,0.9945300013754236,0.943758965866352,0.7449370324217823,0.9957155686130033,0.8863056628382293,
0,-15,R,moffat,0.82,0.65,1.09,0.994471765713684,0.999023378749658,0.9978155196140538,0.9923404006833164,0.9992639185178884,0.9964640425287844,
1,-15,R,moffat,0.8,0.66,1.05,0.9868744414330508,0.9991466908709096,0.9956239812659532,0.9787280200192802,0.9990154191239335,0.9911355523491842,
2,-15,R,moffat,0.89,0.66,1.03,0.960898672938449,0.9975087676805042,0.9861959755905242,0.938147137450991,0.9996581596196888,0.9742777829384792,
3,-15,R,moffat,0.84,0.66,1.04,0.9134293465078748,0.9966059841884388,0.9691674341895598,0.8549564772125872,0.9984992502343736,0.9403746121361184,
4,-15,R,moffat,0.82,0.67,1.04,0.7959287311375508,0.9936768931390252,0.9387008745182788,0.7274842306061674,0.9950743069793676,0.8769177226828541,
0,-10,R,moffat,0.82,0.66,1.05,0.9895193554162592,0.9990645789715392,0.996484193060264,0.9848538204706406,0.9993257248147333,0.9932720467649188,
1,-10,R,moffat,0.8,0.66,1.04,0.982175765470141,0.9990972676696838,0.9940069287657372,0.9707809701846764,0.9990238552368034,0.9874811678207444,
2,-10,R,moffat,0.9,0.66,1.03,0.9543859936937824,0.9972101263000652,0.9838347640821892,0.9275635404677978,0.9996990193880037,0.9697934073974352,
3,-10,R,moffat,0.84,0.66,1.04,0.9039146563783588,0.9962615052555742,0.9656310073283036,0.8401113994444251,0.9983511119655564,0.933582095825966,
4,-10,R,moffat,0.82,0.67,1.04,0.7776823994559114,0.992569234370694,0.932345039789996,0.7040760119820255,0.9942401164513484,0.8653510702913407,
0,-5,R,moffat,0.81,0.66,1.04,0.9834408248915862,0.9990781710757768,0.9944145815873804,0.973646047326464,0.9992209230736347,0.9884602513383614,
1,-5,R,moffat,0.82,0.66,1.04,0.9750516609717178,0.998834682800672,0.9914834863587504,0.958098862255278,0.9991979056869396,0.9829892120718466,
2,-5,R,moffat,0.84,0.66,1.04,0.9472233561203858,0.9979269881731532,0.9815840886724028,0.9098580825833528,0.9990736608849046,0.9641113912006904,
3,-5,R,moffat,0.81,0.67,1.04,0.8722066773945546,0.9973063314390844,0.9636952579518336,0.821598409788258,0.9972973269895652,0.9236953090704506,
4,-5,R,moffat,0.81,0.67,1.04,0.7563392340219073,0.991940669840054,0.9251088398184624,0.6758373426465805,0.9922119826020804,0.8505810725288804,
0,0,R,moffat,0.83,0.66,1.04,0.974636177147916,0.9988164721587888,0.9913048022059217,0.9576825990677794,0.999356418988741,0.9827088124586962,
1,0,R,moffat,0.89,0.66,1.03,0.9646652080444356,0.997962850020673,0.9875995051504272,0.9436587369399674,0.9997206646944766,0.9763944100335852,
2,0,R,moffat,0.84,0.66,1.04,0.93612637353878,0.997732573757033,0.9775974264171496,0.8908750637214017,0.9989928234922932,0.9561497060808984,
3,0,R,moffat,0.81,0.67,1.04,0.8543776714794934,0.9969335387644924,0.9582665262103488,0.7985664886213412,0.9969407881938082,0.9126730314151614,
4,0,R,moffat,0.81,0.67,1.04,0.7303937956724175,0.9901107325978028,0.9155139952282548,0.6437758683522034,0.990497386240972,0.8338132583088762,
0,5,R,moffat,0.88,0.66,1.03,0.9627239994695238,0.9981919064375414,0.9869641791541808,0.9399650853710256,0.9996888581521132,0.9743104665704768,
1,5,R,moffat,0.9,0.66,1.03,0.9526847934332788,0.9976631439950008,0.983310038830582,0.9234266342903564,0.9997496508968472,0.967745405326761,
2,5,R,moffat,0.84,0.66,1.04,0.9220981324239554,0.9974846663203232,0.972497931830436,0.867415990041035,0.998888286815009,0.9460549770747272,
3,5,R,moffat,0.81,0.67,1.04,0.8326369776301965,0.9964411215432862,0.9514979018991548,0.7710393758307407,0.9964729024306668,0.8991731598273036,
4,5,R,moffat,0.81,0.67,1.04,0.6999683467472504,0.9875212821482424,0.9036891023059797,0.6072852313066628,0.9880833873324142,0.813944376873483,
0,10,R,moffat,0.92,0.66,1.03,0.9479503523561428,0.9975730821619732,0.9815625496542154,0.9156924961925154,0.999842401322518,0.964186253529148,
1,10,R,moffat,0.85,0.66,1.04,0.9388432679036836,0.9980973562866148,0.9785612055709312,0.8943942240145789,0.999318603320314,0.9579161148238404,
2,10,R,moffat,0.84,0.66,1.04,0.9046766852883822,0.9971610471071934,0.9660749578876834,0.8391079331147948,0.998752431629323,0.9334949673073536,
3,10,R,moffat,0.81,0.67,1.04,0.806471585586574,0.995777014460083,0.9431224312647856,0.7385982631700313,0.99584666358803,0.8828462876812255,
4,10,R,moffat,0.76,0.67,1.03,0.667244866126246,0.9917509180094218,0.894197668292687,0.5516513499195046,0.9736732267314926,0.7770676361252676,
0,15,R,moffat,0.85,0.66,1.04,0.931695233782085,0.9981998071001866,0.9759929015389774,0.8819787132216225,0.9993570169289226,0.9524072706358496,
1,15,R,moffat,0.85,0.66,1.04,0.920385536956508,0.9978763154353206,0.9718715854643404,0.8632440879837081,0.9992451104012906,0.9446179765196624,
2,15,R,moffat,0.8,0.67,1.04,0.8617724658904684,0.9981131830011504,0.9609486668114924,0.80592699622292,0.9976027590586172,0.9167660194546948,
3,15,R,moffat,0.81,0.67,1.04,0.7752545233304,0.994855579459172,0.932777577782159,0.6976130986604412,0.9949851116463024,0.863259924942591,
4,15,R,moffat,0.79,0.67,1.03,0.6242968571481781,0.982325140403747,0.8732782558688946,0.5061389198482539,0.9748885681941426,0.7527207743482367,
0,20,R,moffat,0.85,0.66,1.04,0.9099390153630916,0.997980625577285,0.9680650690233976,0.8458130259642864,0.999285249354156,0.936700146258872,
1,20,R,moffat,0.85,0.66,1.04,0.8975921708803276,0.9975893279726652,0.9634734197069031,0.8262779541464976,0.9991501222435656,0.9281736604707228,
2,20,R,moffat,0.8,0.67,1.04,0.8311552340161419,0.9977773748400304,0.951613392036556,0.7666737877573888,0.9972001090887492,0.8978358781700604,
3,20,R,moffat,0.79,0.67,1.04,0.7392420097456542,0.9948760549861608,0.9209522297531696,0.6494040748397699,0.9920516175559873,0.8383918177947091,
4,20,R,moffat,0.75,0.67,1.02,0.5771319531136861,0.9865319344595872,0.8567459034678065,0.44782970135541994,0.9466323570100776,0.704225690809774,
